Review_ID,Review_Description,Review_Rating
1,Engineering,1
2,Accounting,3
3,Support,5
4,Training,3
5,Marketing,2
6,Accounting,3
7,Human Resources,5
8,Marketing,4
9,Engineering,3
10,Business Development,4
11,Research and Development,3
12,Accounting,1
13,Services,3
14,Support,5
15,Training,2
16,Support,4
17,Support,4
18,Services,1
19,Research and Development,1
20,Human Resources,3
21,Accounting,4
22,Research and Development,2
23,Research and Development,5
24,Services,4
25,Services,5
26,Engineering,4
27,Human Resources,3
28,Sales,2
29,Services,2
30,Training,3
31,Training,2
32,Services,4
33,Marketing,4
34,Business Development,5
35,Accounting,2
36,Business Development,3
37,Engineering,4
38,Sales,1
39,Sales,5
40,Legal,3
41,Accounting,5
42,Human Resources,4
43,Sales,1
44,Research and Development,5
45,Services,3
46,Services,5
47,Research and Development,5
48,Engineering,3
49,Legal,2
50,Accounting,2
51,Accounting,1
52,Business Development,3
53,Accounting,2
54,Services,3
55,Training,3
56,Engineering,3
57,Legal,2
58,Marketing,5
59,Engineering,4
60,Services,5
61,Human Resources,2
62,Training,4
63,Legal,3
64,Legal,5
65,Engineering,1
66,Marketing,4
67,Product Management,3
68,Marketing,4
69,Marketing,1
70,Training,5
71,Services,2
72,Research and Development,4
73,Marketing,1
74,Marketing,3
75,Business Development,4
76,Training,4
77,Business Development,4
78,Training,3
79,Support,3
80,Human Resources,2
81,Legal,1
82,Support,2
83,Training,4
84,Accounting,5
85,Research and Development,5
86,Marketing,1
87,Services,2
88,Marketing,1
89,Support,4
90,Support,1
91,Product Management,4
92,Accounting,2
93,Legal,2
94,Support,5
95,Marketing,1
96,Support,1
97,Research and Development,4
98,Human Resources,5
99,Training,1
100,Research and Development,3
101,Accounting,1
102,Training,2
103,Legal,2
104,Human Resources,5
105,Engineering,4
106,Sales,5
107,Training,2
108,Accounting,2
109,Human Resources,4
110,Product Management,5
111,Support,3
112,Human Resources,2
113,Support,2
114,Accounting,5
115,Accounting,3
116,Engineering,1
117,Accounting,4
118,Human Resources,3
119,Research and Development,3
120,Training,3
121,Research and Development,5
122,Support,2
123,Marketing,3
124,Training,2
125,Legal,2
126,Sales,1
127,Marketing,1
128,Training,1
129,Sales,1
130,Product Management,3
131,Sales,5
132,Engineering,3
133,Services,1
134,Legal,1
135,Support,4
136,Business Development,2
137,Business Development,3
138,Engineering,5
139,Services,2
140,Marketing,3
141,Training,1
142,Research and Development,3
143,Human Resources,5
144,Legal,4
145,Business Development,1
146,Services,1
147,Support,2
148,Marketing,3
149,Legal,3
150,Business Development,4
151,Support,4
152,Support,1
153,Support,1
154,Support,3
155,Human Resources,1
156,Services,1
157,Legal,1
158,Sales,4
159,Product Management,3
160,Support,4
161,Support,3
162,Engineering,1
163,Legal,3
164,Services,2
165,Business Development,3
166,Services,2
167,Engineering,1
168,Product Management,1
169,Research and Development,4
170,Business Development,4
171,Business Development,4
172,Product Management,3
173,Research and Development,1
174,Marketing,1
175,Sales,1
176,Sales,1
177,Marketing,5
178,Support,3
179,Services,3
180,Services,2
181,Services,4
182,Sales,4
183,Legal,4
184,Sales,3
185,Training,3
186,Engineering,4
187,Sales,3
188,Product Management,4
189,Training,1
190,Marketing,4
191,Business Development,3
192,Marketing,4
193,Services,3
194,Legal,1
195,Human Resources,4
196,Accounting,5
197,Business Development,4
198,Engineering,1
199,Marketing,3
200,Product Management,2
201,Legal,5
202,Marketing,3
203,Marketing,2
204,Engineering,3
205,Legal,5
206,Engineering,5
207,Engineering,3
208,Training,2
209,Training,1
210,Sales,2
211,Legal,3
212,Accounting,2
213,Support,4
214,Sales,2
215,Support,3
216,Support,3
217,Sales,4
218,Marketing,5
219,Human Resources,5
220,Training,2
221,Sales,3
222,Engineering,3
223,Legal,4
224,Engineering,4
225,Human Resources,5
226,Legal,1
227,Research and Development,1
228,Sales,3
229,Support,5
230,Services,1
231,Research and Development,5
232,Research and Development,4
233,Marketing,1
234,Product Management,4
235,Services,3
236,Business Development,1
237,Product Management,1
238,Accounting,4
239,Training,2
240,Sales,3
241,Business Development,1
242,Business Development,1
243,Human Resources,1
244,Services,4
245,Research and Development,1
246,Training,3
247,Engineering,5
248,Research and Development,3
249,Support,5
250,Human Resources,3
251,Services,5
252,Marketing,5
253,Legal,4
254,Services,2
255,Training,2
256,Accounting,5
257,Support,4
258,Engineering,2
259,Training,5
260,Support,4
261,Engineering,3
262,Accounting,2
263,Legal,3
264,Engineering,1
265,Services,5
266,Engineering,4
267,Engineering,3
268,Support,4
269,Human Resources,5
270,Legal,4
271,Training,2
272,Sales,2
273,Services,3
274,Research and Development,1
275,Services,3
276,Engineering,2
277,Training,2
278,Business Development,1
279,Research and Development,5
280,Research and Development,1
281,Sales,3
282,Legal,5
283,Marketing,4
284,Product Management,1
285,Services,1
286,Engineering,5
287,Research and Development,4
288,Research and Development,4
289,Engineering,2
290,Marketing,4
291,Support,5
292,Accounting,1
293,Sales,3
294,Accounting,1
295,Human Resources,4
296,Research and Development,5
297,Marketing,5
298,Business Development,3
299,Training,3
300,Business Development,3
301,Accounting,3
302,Sales,4
303,Support,2
304,Training,1
305,Engineering,1
306,Human Resources,2
307,Engineering,3
308,Accounting,2
309,Marketing,1
310,Accounting,4
311,Product Management,5
312,Research and Development,4
313,Accounting,4
314,Accounting,4
315,Support,2
316,Human Resources,1
317,Research and Development,4
318,Sales,1
319,Training,1
320,Marketing,5
321,Sales,5
322,Human Resources,3
323,Support,5
324,Research and Development,1
325,Engineering,2
326,Services,2
327,Engineering,3
328,Support,4
329,Human Resources,2
330,Engineering,1
331,Engineering,2
332,Accounting,3
333,Legal,5
334,Legal,3
335,Support,4
336,Marketing,1
337,Sales,2
338,Human Resources,2
339,Accounting,2
340,Marketing,4
341,Services,4
342,Sales,4
343,Sales,4
344,Marketing,5
345,Research and Development,5
346,Human Resources,5
347,Accounting,2
348,Training,2
349,Human Resources,4
350,Business Development,1
351,Support,2
352,Services,3
353,Legal,5
354,Legal,3
355,Legal,1
356,Sales,3
357,Product Management,3
358,Sales,3
359,Support,1
360,Services,5
361,Training,2
362,Sales,5
363,Support,1
364,Marketing,2
365,Research and Development,3
366,Support,2
367,Human Resources,2
368,Sales,1
369,Accounting,1
370,Sales,5
371,Services,3
372,Research and Development,5
373,Human Resources,5
374,Legal,1
375,Business Development,5
376,Legal,3
377,Research and Development,3
378,Support,5
379,Business Development,3
380,Engineering,3
381,Services,4
382,Accounting,5
383,Legal,2
384,Accounting,4
385,Engineering,4
386,Human Resources,1
387,Support,4
388,Training,4
389,Human Resources,4
390,Training,4
391,Sales,1
392,Marketing,3
393,Support,2
394,Marketing,1
395,Human Resources,4
396,Marketing,3
397,Product Management,5
398,Marketing,1
399,Engineering,5
400,Support,1
401,Sales,3
402,Business Development,2
403,Human Resources,2
404,Research and Development,5
405,Legal,1
406,Accounting,4
407,Engineering,2
408,Sales,5
409,Research and Development,4
410,Support,4
411,Product Management,2
412,Marketing,2
413,Marketing,2
414,Legal,2
415,Human Resources,2
416,Human Resources,3
417,Research and Development,4
418,Engineering,2
419,Engineering,4
420,Business Development,5
421,Sales,5
422,Human Resources,2
423,Training,3
424,Human Resources,1
425,Sales,5
426,Training,4
427,Engineering,1
428,Marketing,1
429,Legal,4
430,Sales,5
431,Accounting,1
432,Business Development,3
433,Engineering,5
434,Marketing,5
435,Product Management,5
436,Legal,5
437,Sales,2
438,Research and Development,4
439,Marketing,3
440,Product Management,1
441,Sales,2
442,Support,1
443,Marketing,5
444,Business Development,2
445,Human Resources,1
446,Product Management,4
447,Legal,4
448,Sales,5
449,Research and Development,1
450,Legal,4
451,Sales,2
452,Product Management,2
453,Research and Development,3
454,Support,5
455,Human Resources,2
456,Accounting,3
457,Product Management,4
458,Support,1
459,Research and Development,4
460,Engineering,3
461,Business Development,5
462,Support,1
463,Marketing,2
464,Research and Development,5
465,Business Development,2
466,Training,1
467,Support,1
468,Support,2
469,Services,5
470,Human Resources,2
471,Business Development,3
472,Human Resources,2
473,Product Management,5
474,Accounting,1
475,Sales,2
476,Business Development,4
477,Engineering,2
478,Training,4
479,Accounting,3
480,Legal,2
481,Sales,3
482,Research and Development,2
483,Training,5
484,Support,3
485,Research and Development,3
486,Accounting,3
487,Support,4
488,Human Resources,4
489,Sales,5
490,Support,3
491,Product Management,4
492,Legal,4
493,Marketing,1
494,Legal,1
495,Legal,5
496,Sales,3
497,Engineering,2
498,Marketing,2
499,Services,4
500,Legal,4
501,Accounting,1
502,Human Resources,4
503,Engineering,1
504,Services,1
505,Human Resources,5
506,Marketing,1
507,Marketing,3
508,Marketing,3
509,Business Development,3
510,Services,2
511,Support,5
512,Business Development,5
513,Sales,4
514,Business Development,4
515,Product Management,1
516,Legal,2
517,Marketing,2
518,Support,2
519,Business Development,3
520,Human Resources,1
521,Support,2
522,Human Resources,2
523,Research and Development,1
524,Business Development,5
525,Services,1
526,Training,5
527,Support,3
528,Sales,1
529,Sales,1
530,Engineering,4
531,Sales,2
532,Human Resources,1
533,Services,1
534,Marketing,1
535,Support,5
536,Support,2
537,Support,5
538,Accounting,4
539,Engineering,1
540,Business Development,3
541,Marketing,2
542,Research and Development,4
543,Research and Development,2
544,Legal,5
545,Training,1
546,Marketing,5
547,Services,1
548,Business Development,5
549,Engineering,5
550,Product Management,5
551,Research and Development,1
552,Support,3
553,Support,3
554,Support,1
555,Marketing,3
556,Legal,2
557,Sales,1
558,Engineering,2
559,Research and Development,3
560,Legal,1
561,Legal,3
562,Human Resources,4
563,Accounting,1
564,Business Development,2
565,Research and Development,1
566,Business Development,2
567,Accounting,1
568,Research and Development,1
569,Services,4
570,Legal,4
571,Human Resources,5
572,Human Resources,3
573,Human Resources,5
574,Legal,5
575,Support,1
576,Research and Development,1
577,Marketing,3
578,Engineering,3
579,Business Development,4
580,Human Resources,1
581,Product Management,2
582,Sales,2
583,Services,4
584,Support,1
585,Business Development,2
586,Training,3
587,Human Resources,3
588,Training,3
589,Sales,2
590,Support,2
591,Training,1
592,Sales,5
593,Research and Development,2
594,Engineering,2
595,Services,2
596,Business Development,2
597,Product Management,2
598,Services,2
599,Sales,2
600,Marketing,2
601,Business Development,3
602,Business Development,4
603,Business Development,3
604,Legal,2
605,Services,5
606,Business Development,2
607,Accounting,1
608,Marketing,3
609,Services,3
610,Support,1
611,Business Development,1
612,Legal,3
613,Business Development,2
614,Engineering,2
615,Services,5
616,Business Development,5
617,Legal,5
618,Business Development,2
619,Support,4
620,Legal,5
621,Training,3
622,Training,5
623,Marketing,1
624,Engineering,2
625,Legal,3
626,Engineering,4
627,Legal,2
628,Training,5
629,Marketing,4
630,Sales,3
631,Sales,1
632,Research and Development,5
633,Sales,2
634,Accounting,5
635,Accounting,2
636,Legal,4
637,Sales,4
638,Human Resources,3
639,Business Development,1
640,Support,5
641,Training,5
642,Accounting,2
643,Support,4
644,Support,4
645,Training,1
646,Research and Development,2
647,Marketing,3
648,Research and Development,3
649,Sales,3
650,Engineering,5
651,Legal,1
652,Accounting,3
653,Sales,5
654,Accounting,1
655,Human Resources,2
656,Support,2
657,Engineering,2
658,Services,1
659,Legal,1
660,Business Development,3
661,Sales,2
662,Legal,5
663,Training,2
664,Human Resources,1
665,Services,1
666,Legal,1
667,Human Resources,5
668,Services,4
669,Services,4
670,Human Resources,5
671,Human Resources,3
672,Accounting,5
673,Marketing,2
674,Business Development,5
675,Services,1
676,Sales,2
677,Support,1
678,Legal,5
679,Legal,2
680,Marketing,1
681,Services,4
682,Product Management,2
683,Business Development,1
684,Marketing,3
685,Legal,2
686,Product Management,5
687,Business Development,5
688,Sales,3
689,Training,2
690,Accounting,4
691,Human Resources,1
692,Engineering,5
693,Marketing,1
694,Marketing,2
695,Support,3
696,Services,2
697,Business Development,5
698,Support,5
699,Human Resources,4
700,Training,1
701,Accounting,2
702,Engineering,5
703,Research and Development,5
704,Support,1
705,Sales,2
706,Human Resources,1
707,Engineering,4
708,Research and Development,2
709,Accounting,2
710,Support,5
711,Human Resources,2
712,Sales,1
713,Product Management,3
714,Human Resources,3
715,Business Development,4
716,Product Management,2
717,Sales,5
718,Services,1
719,Engineering,1
720,Legal,4
721,Training,1
722,Accounting,1
723,Human Resources,5
724,Human Resources,4
725,Engineering,1
726,Business Development,2
727,Research and Development,3
728,Engineering,1
729,Legal,3
730,Research and Development,3
731,Accounting,2
732,Support,4
733,Sales,3
734,Marketing,2
735,Human Resources,3
736,Product Management,5
737,Business Development,1
738,Engineering,4
739,Legal,2
740,Research and Development,5
741,Sales,1
742,Human Resources,3
743,Research and Development,1
